{
    "en": {
        "connecting": "Connecting...",
        "user-name":"User Name",
        "password":"Password",
        "dashboard": "Dashboard",
        "call-requests": "Call Requests",
        "complaints": "Complaints",
        "services": "Services",
        "drivers": "Drivers",
        "riders": "Riders",
        "payment-requests": "Payment requests",
        "travels": "Travels",
        "settings": "Settings",
        "cars":"Cars",
        "complaint-type-driver":"Driver Colmplaint types",
        "complaint-type-rider":"Rider Colmplaint types",
        "driver-types":"Driver Types",
        "travel-types":"Travel Types",
        "general-settings": "General settings",
        "profile-settings": "Profile settings",
        "basic-types": "Basic types",
        "users-management": "Users management",
        "users": "Users",
        "table-loading": "Loading or no more items",
        "table-search": "Search item...",
        "insert": "Insert",
        "driver": "Driver",
        "rider": "Rider",
        "chart-income":"Income",
        "chart-services":"Services",
        "chart-new-users":"New users",
        "chart-sub-day":"In last {amount} days",
        "chart-sub-week":"In last {amount} weeks",
        "chart-sub-month":"In last {amount} monthes",
        "show-travel":"Show Travel Info",
        "add-item":"Add new item",
        "edit-item":"Edit this row",
        "delete-items":"Delete Selected Items",
        "edit-travel-types":"Edit travel types",
        "show-reviews":"Show reviews",
        "mark-reviewed":"Mark reviewed",
        "mark-paid":"Mark paid",
        "show-reviewed":"Show archive",
        "show-paid":"Show paid",
        "column-id": "ID",
        "column-base-fare": "Base Fare",
        "column-per-hundred-meters": "/100 Meters",
        "column-per-minute-wait": "/Minute wait",
        "column-per-minute-passed": "/Minute travel",
        "column-available-time-from": "Available Time From",
        "column-available-time-to": "Available Time To",
        "column-datetime": "Date & Time",
        "column-from": "From",
        "column-type": "Type",
        "column-status":"Status",
        "column-subject": "Subject",
        "column-content": "Content",
        "column-title": "Title",
        "column-importance":"Importance",
        "column-first-name": "First name",
        "column-last-name": "Last name",
        "column-driver-name": "Driver name",
        "column-driver-number": "Driver number",
        "column-rider-name": "Rider name",
        "column-rider-number": "Rider number",
        "column-rating": "Rating",
        "column-mobile-number": "Mobile number",
        "column-phone-number": "Phone number",
        "column-operator":"Operator",
        "column-transaction-type":"transaction Type",
        "column-document-number":"Document Number",
        "column-details":"Details",
        "column-certificate-number": "Certificate number",
        "column-account-number": "Account number",
        "column-comment": "Comment",
        "column-email": "E-Mail address",
        "column-user-name": "User Name",
        "column-balance": "Balance",
        "column-car-name": "Car name",
        "column-car-color": "Car color",
        "column-car-prod-year": "Car year",
        "column-car-plate": "Car plate",
        "column-pickup-address": "Pickup Address",
        "column-destination-address": "Destination Address",
        "column-address": "Address",
        "column-distance": "Distance",
        "column-duration": "Duration",
        "column-request-time": "Request time",
        "column-request-date": "Request date",
        "column-paid-date": "Paid date",
        "column-amount": "Amount",
        "column-cost": "Cost",
        "column-image": "Image",
        "column-profile-image": "Profile Image",
        "column-default-driver-type": "Default Driver Type",
        "driver-travel-types":"Driver's Travel types",
        "column-initial":"Inital $",
        "column-every-km":"Every Km",
        "column-every-min-gone":"Every Min Passed",
        "column-every-min-wait":"Every Min Wait",
        "transaction-in-app": "In app",
        "transaction-cash": "Cash",
        "transaction-bank": "Bank",
        "transaction-gift": "Gift",
        "edit-dialog-item-number":"Item #",
        "login": "Login",
        "toast-call-request": "{driverName} Requested call to {riderName}(riderNumber}",
        "dismiss":"Dismiss",
        "confirm":"Confirm",
        "save":"save",
        "add":"Add",
        "prompt-saved":"Changed was saved Successfully.",
        "change-password":"Change Password",
        "old-password":"Old password",
        "new-password":"New password",
        "confirm-password":"Confirm password",
        "column-stats-access":"Stats access level",
        "column-base-types-access":"Base types access level",
        "column-drivers-access":"Drivers access level",
        "column-users-access":"Users access level",
        "column-complaints-access":"Complaints access level",
        "column-call-requests-access":"Call requests access level",
        "column-payment-requests-access":"Payment requests access level",
        "stats-access-0":"Can't see any stat",
        "stats-access-1":"Can see some of not important stats",
        "stats-access-2":"Can see most of stats",
        "stats-access-3":"Can see all stats including income",
        "table-access-0":"Data won't be shown",
        "table-access-1":"Data will be only visible",
        "table-access-2":"Can edit or add rows",
        "table-access-3":"Full access including bulk delete.",
        "error-pass-dont-match":"Password didn't match",
        "error-pass-not-correct":"Password wasn't correct",
        "error-importance value":"Value only between 1 and 3",
        "permission-view":"View",
        "permission-update":"Update",
        "permission-delete":"Delete",
        "daily":"Daily",
        "weekly":"Weekly",
        "monthly":"Monthly",
        "error-300":"User name password combination doesn't exists.",
        "error-301":"Your account has been disabled by admin.",
        "error-302":"Your account information has been changed. you need to login again.",
        "error-500":"Server couldn't get reached.",
        "error-100":"Malformed API call. this should be solved by developer."
    }
}